text,science_related,scientific_claim,scientific_reference,scientific_context
Can any Gynecologist with Cancer Experience explain the dangers of Transvaginal Douching with Fluoride or other toxins such as Dioxin? #PDX,1,1.0,0.0,0.0
Couch-lock highs lead to sleeping in the couch. Gotta stop doing this shit.,1,1.0,0.0,0.0
Does daily routine help prevent problems with bipolar disorder http://t.co/XGUfUDoLJB,1,1.0,0.0,0.0
Can playing more games improve lives and save the world? by @chris_pelle via @PostArcade http://t.co/uEtVu099Ad #CDA30,1,1.0,0.0,0.0
Poverty is the greatest cause behind child labour. #RisePakistan,1,1.0,0.0,0.0
"""@TheFactsBook: Drinking chocolate milk has been proven to help relieve muscle soreness after a workout.""@dietervoigtsa dink jy dis waar?",1,1.0,0.0,0.0
"A wise Physician said, ‚ÄúThe best medicine for Humans is LOVE.‚Äù Some1 asked, ‚ÄúIf it doesn‚Äôt work?‚Äù He smiled&answered, ‚Äú Increase the dose.‚Äù",1,1.0,0.0,0.0
When we think of unhealthy living we generally think of diet and exercise. Diet and exercise are an intricate... http://t.co/bGnam9Thx1,1,1.0,0.0,0.0
Caution! 3D Printers Could Cause Health Problems. Find out more here: http://t.co/BRAwvRgq28,1,1.0,0.0,0.0
65% of cats born with blue eyes are deaf.,1,1.0,0.0,0.0
Over thinking causes the mind to create negative scenarios and replay painful memories.,1,1.0,0.0,0.0
"‚Äú@UberFacts: During Medieval times, red hair was associated with intense sexual desire and moral degradation.‚Äù @EElise13",1,1.0,0.0,0.0
"@billmaher What can ""we"" do Bill? All the gun laws in the fucking world won't stop mentally ill killers from killing people...",1,1.0,0.0,0.0
@khushsundar Do u think legalising prostitution in all states will decrease sexual abusing. Pls give me s reply mam.,1,1.0,0.0,0.0
"""The existence of absolute poverty today points to the indifference of many in the rich world"" http://t.co/ktsjh6vn1Y via @prospect_uk",1,1.0,0.0,0.0
"Law leads to guilt,guilt leads to struggle,struggle leads to failure,failure leads to more guilt,guilt leads to more sin + hopelessness!",1,1.0,0.0,0.0
"WARNING! Bible reading can be habit forming and will cause loss of fear and anxiety. Side effects are joy, love, peace, and contentment!",1,1.0,0.0,0.0
Determination leads to Success. Best day of my life #nowplaying,1,1.0,0.0,0.0
Dark Skin May Be A Protector Against Cancer http://t.co/lrC8Rsuyqz,1,1.0,0.0,0.0
5 Surprising Ways Social Media is Affecting Healthcare ~ Social Media Frontiers: http://t.co/IxuQ4hfxw5,1,1.0,0.0,0.0
"#Beijing, #China sees significant increase of armed #police presence on streets http://t.co/HaTeA4kg08",1,1.0,0.0,0.0
Adversity causes some men to break; others to break records.,1,1.0,0.0,0.0
"""Take aspirin every day for 10 years and cut your chance of bowel/stomach cancer but increase your chance of a stroke or internal bleeding.""",1,1.0,0.0,0.0
Overthinking leads to negative thoughts.,1,1.0,0.0,0.0
"Furthermore, drinking more water alone actually aids in losing weight.",1,1.0,0.0,0.0
also cancer is virtually incurable bc all cancers are different :),1,1.0,0.0,0.0
Is Ebola a health care system mishap?,1,1.0,0.0,0.0
Perfect teeth are a turn on,1,1.0,0.0,0.0
".@Oprah Nuclear weapons are a real, deadly problem that entire popul. of world must deal with http://t.co/6SEM76ud2c #SaveFukuChildren",1,1.0,0.0,0.0
"The macroeconomic impact of micro-interventions is an important reason why poverty has persisted, despite ... http://t.co/GWfKI78PcY",1,1.0,0.0,0.0
Check out B HEALING STONE & MAGNET PILLOW (THERPIC)HELPS STOP PAIN IN THE BODY http://t.co/3V9oG2aeHV via @eBay,1,1.0,0.0,0.0
Companies report 48% increase in attempted cyber security breaches http://t.co/wUdCJb7y8v #DGInsights #cybersecurity http://t.co/a38n3hZg70,1,1.0,0.0,0.0
coumadin decreased sex drive men http://t.co/zfRNn4MMc6,1,1.0,0.0,0.0
"More Sex Doesn‚Äôt Lead To More Happiness, Reveals New Study. Surprised? ‚Äì Tech Times http://t.co/jtKodFKWmV",1,1.0,0.0,0.0
"#PhysicalActivity is imp at every age, esp bc it can help strengthen bones & muscles & prevent falls. #ActiveAgeing http://t.co/B7gXec7gCG",1,1.0,0.0,0.0
Beauty Tips : Blood Sugar Support Cardiovascular Health Dietary Supplement (6 Bottles) http://t.co/bp6W50L2yX #892,1,1.0,0.0,0.0
Pain changes people,1,1.0,0.0,0.0
"The carbon footprint of a glass of milk has shrunk by 2/3 in the last 50 years due to improved health, nutrition, and genetics #JAM2015",1,1.0,0.0,0.0
#Deals : New Improved Unique Color Therapy Lamps Light Promotes Wellness Health http://t.co/NJTKhFgizu #Beauty ‚Ä¶ http://t.co/u65daPcbA6,1,1.0,0.0,0.0
Farting helps reduce high blood pressure and is good for your health. Isn‚Äôt it funny and healthy? ÔÅä http://t.co/aiAnQvFfiW #physio #herts,1,1.0,0.0,0.0
"The happier you are, the less sleep you require to function in everyday life. Sadness increases the urge to sleep more.",1,1.0,0.0,0.0
"High school does, in fact ,change people.",1,1.0,0.0,0.0
The low sun angle and the reflective surface of the fresh snow slowing the melting process of the snowpack #ndwx https://t.co/tIG2TYSw91,1,1.0,0.0,0.0
PROOF That Gun Bans Increase Murder Rates https://t.co/ogYX8lB3xN... https://t.co/Fcq5UNTRhH|mM,1,1.0,0.0,0.0
"Hard work NEVER fails, start working, stop complaining. If you work for it, you'll appreciate it! üíØ",1,1.0,0.0,0.0
"#Severe fibromyalgia symptoms linked to obesity, weight gain - https://t.co/NZG7iqYpas https://t.co/rnTKnmhL2V",1,1.0,0.0,0.0
Did you know that #HighBloodPressure causes #ErectileDysfunction? #menshealth https://t.co/uCUE9RKgUO https://t.co/nkrP6hsLMl,1,1.0,0.0,0.0
A good pass often leads to a good shot. The extra pass often leads to a great shot. #Selfless #Assist,1,1.0,0.0,0.0
Proper preparation prevents poor performance,1,1.0,0.0,0.0
How Employment Can Change the Life of Someone with a Disability https://t.co/VxAtaX7qi5,1,1.0,0.0,0.0
Benefits of music: - Stress relief - Boost immunity - Reduce heart disease - Enhances emotional strength - Boost self esteem,1,1.0,0.0,0.0
Volume Caps Pills Male Sex Enhancement Increase Semen Massive Load More Libido - Bid Now! ‚Ä¶ https://t.co/hV5lrIMrSc https://t.co/bUwQvoOKV4,1,1.0,0.0,0.0
Q: Is there a connection between shellfish allergies and iodine? - Wilderness Medical Associates International https://t.co/4TM0FP7GQb,1,1.0,0.0,0.0
Adverse #Effects #Of #Marijuana #Cannabis #Seeds #Sale #How #To #Grow #Cannabis #Indoors https://t.co/F2rvT9UTS0,1,1.0,0.0,0.0
Reading facebook comments for 20 minutes is scientifically proven to drop your IQ by more than 52%.,1,1.0,0.0,0.0
"Change is essential for growth, but if we‚Äôre not under leadership of Holy Spirit, what will we become? https://t.co/9YvxyLUKXV",1,1.0,0.0,0.0
This technology will stop snoring forever! https://t.co/5UMpF8n4bH,1,1.0,0.0,0.0
Cooling Therapy Might Not Help All Cardiac Arrest Patients https://t.co/4oNE2klZne,1,1.0,0.0,0.0
Matt Ridley: Climate policy is doing more harm than good https://t.co/L1MNlzi56d,1,1.0,0.0,0.0
The number of lies told by men would decrease significantly if women stopped asking questions,1,1.0,0.0,0.0
Indian real estate to see an increase of 4.2 mn units across 8 cities in the next 5 years ¬ª https://t.co/wFX4fWcUyk,1,1.0,0.0,0.0
Five ways subscription box services can increase customer retention https://t.co/dkcJywo5yL,1,1.0,0.0,0.0
"So what was Israels reason for attacks, murder and destruction of the Palestinian people before 1982? SIMPLY HATE AND ETHNIC CLEANSING https://t.co/hLlBuxWvcU",1,1.0,0.0,0.0
"RT HealingMB: Stressed? Stretching reduces stress, increasing circulation, reducing pain etc #Healing #Yoga... https://t.co/XTyqkcaSBt",1,1.0,0.0,0.0
Pain changes people.,1,1.0,0.0,0.0
"The happier you are, the less sleep you require to function in everyday life. Sadness increases the urge to sleep more.",1,1.0,0.0,0.0
Do conservatives know that legally taking away abortion isn't going to actually stop people from getting abortions?,1,1.0,0.0,0.0
#10: RapidKetosis Premium Exogenous Ketone Supplement - Weight Loss Was Never Easier‚Ä¶ https://t.co/OoRJlk58BA #Prepared #Foods,1,1.0,0.0,0.0
(3) Fear of illness because of poverty is a national disgrace. It also causes huge numbers to live in a perpetual state of stress.,1,1.0,0.0,0.0
Myth: Warm Up can Increase Vertical Jump! True or False? #nba See at : https://t.co/ZjGHyzRNGd https://t.co/jHDDRcxYnb,1,1.0,0.0,0.0
Seeking perfection in trading leads to massive losses https://t.co/VacaxTq2zE,1,1.0,0.0,0.0
student athletes are a different species https://t.co/vDa7gpwZgk,1,1.0,0.0,0.0
Lack of free will and unwillingness to exercise it are functionally equivalent.,1,1.0,0.0,0.0
@ColinKahl There has been a sharp increase in reported abuse of travellers - particularly non-whites - by CBP & ICE personnel. https://t.co/sVIYIvMNTk,1,1.0,0.0,0.0
"European markets are a better investment than US markets, analyst says https://t.co/APHnvJROtc #Stock #Market https://t.co/ykYySyP5vH",1,1.0,0.0,0.0
gratitude is a killer antidepressant,1,1.0,0.0,0.0
82% of Americans support a pathway to citizenship! We have to remove the fear & #ProtectDREAMErs now. #AxeFiles,1,1.0,0.0,0.0
Will export control of exploits by Waassenaar signatories prevent catastrophic cyberwar? #ruxpanel,1,1.0,0.0,0.0
how u treat others will reflect on how u feel,1,1.0,0.0,0.0
Is @ONgov going to pay for the increased #ONhealth care required to care for a 4-fold rise expected in teenage marijuana-intoxication after pot-legalization comes into effect? Colorado‚Äôs experience raises alarms that #ONpoli can‚Äôt afford to ignore. https://t.co/msm2ODcdG5,1,1.0,0.0,0.0
suicide is now the third leading cause of death among African Americans between the ages of 15 to 24,1,1.0,0.0,0.0
Using a ‚ÄúCookie‚Äù Mentality to Increase Patient Satisfaction and Collect More Payments #techblogs #startups https://t.co/MKoYE4Rlum,1,1.0,0.0,0.0
"""Talking about #suicide increases the chances someone will go for help. Reaching out for help is the main message,"" said our @drthomasungar, while discussing mainstream media portrayals of #mentalhealth issues. WATCH THE VIDEO ¬ª https://t.co/zMhJyJ4a35 https://t.co/P0GPxQ6daQ",1,1.0,0.0,0.0
"#Shame is a powerful emotion and may be experienced when recovering from an #eatingdisorder. When shame seems to be winning, counter with #selfcompassion. https://t.co/fzBo6RuF3j https://t.co/iy12blHfD4",1,1.0,0.0,0.0
Good advice for the too many White people who can‚Äôt seem to understand that calling the police on Black people can cause death. https://t.co/Dyqy19wN5t,1,1.0,0.0,0.0
"Donating blood not only helps others, but reduces the rate of cancer and heart disease in the donor. And can help you lose weight.",1,1.0,0.0,0.0
"Babies cannot speak so parents never know the severity of their illnesses. When a baby shows minor signs of struggling to breathe, it should be treated as an emergency. https://t.co/9leiAbvi34",1,1.0,0.0,0.0
"States herself trauma causes norepinephrine to imprint memories on the hippocampus. Yet, can't remember anything. #ConfirmKavanaughNow https://t.co/pm2XhJOOeb",1,1.0,0.0,0.0
"(The Huffington Post) #Dramatic #Increase In Women Of Color As 2018 Candidates: Report : There was a 75 percent increase in women of color among nominees for Congress since 2012, a study shows. .. https://t.co/gvHI9Elazr https://t.co/31U7W3RO7s",1,1.0,0.0,0.0
Coffee Drinking Associated With Lower Risk of Stroke ‚û° https://t.co/UziyhDa6WE https://t.co/8qHVzTjAHV,1,1.0,0.0,0.0
Nobody wants you till they think you‚Äôre in a relationship. Ain‚Äôt that some reverse psychology shit for you üòÇ,1,1.0,0.0,0.0
"Evolution doesn't apply to individuals, but to species. There's a benefit to having a certain percentage of the population remain outside of the breeding pool to devote their energies to supporting the clan by other means, such as myself, a well-to-do but dotty aunt. #atheism https://t.co/gxI0VYB5s9",1,1.0,0.0,0.0
Please Watch & share this powerful TEDx talk by Apollo Sevant that talks about how social & emotional learning & anti bullying workshops can lead to a reduction in school bullying & violence Video Here: https://t.co/6ckcpJGaUM,1,1.0,0.0,0.0
RTs are a helluva drug,1,1.0,0.0,0.0
@DrOlufunmilayo Smoking cannabis helps with controlling the nausea that comes with chemotherapy drugs.,1,1.0,0.0,0.0
"‚ÄúStronger relationships lead to stronger communities. Stronger communities are what makes America, America.‚Äù Read the full story SuccessBeyond the Front Lines from @southmagazine: https://t.co/wZvIVZzyTg | #GORUCK https://t.co/1ZZHIXCeU4",1,1.0,0.0,0.0
"@berniewestacott Play in early years is so important. The almost complete disappearance of unregulated, unmonitored, unsupervised free play in childhood is one of the key drivers of the increase in mental health issues. Schools can help: more unsupervised play, longer breaks, longer lunch, etc",1,1.0,0.0,0.0
"Kefir Health Benefits: Kefir Milk Grains last indefinitely. Kefir evidence suggests probiotics can alleviate many digestive problems, incl. irritable bowel syndrome & ulcers from H. pylori infection BUY HERE https://t.co/UXq872e3Oq https://t.co/Omddg6LmLE",1,1.0,0.0,0.0
UN and EU propaganda by socialist media compares 2019 data of built surfaces with 2003 data of tampered temperature database. Fact: France has a record 50¬∞C heat wave in 1930 and similar and higher temperature in Spain etc. https://t.co/jtGv6gqhq3,1,1.0,0.0,0.0
"When it comes to immigration, this is often left out of the conversation: The United States‚Äôs weak gun laws not only put American lives at risk but drive illegal gun trafficking and violence in Latin America. https://t.co/TIZrZLvWlu",1,1.0,0.0,0.0
My very first statnews byline Men with breast #cancer have a 19 higher mortality rate than women with the condition. Advocacy groups push for awareness and education to help combat it. httpsbuff.ly2B5PvE8√Ç: My very first statnews byline Men with breast‚Ä¶ https://t.co/uJRXR1dQog,1,1.0,0.0,0.0
"This impressive new surf lake near Bristol can generate up to 1,000 waves an hour and is 100% powered by renewables.. https://t.co/GA0FQrlDsT",1,1.0,0.0,0.0
Repeat after me: - Maps & No-Maps DO NOT belong in the LGBT+ - That is only comfirming established bias from anti-lgbt+ groups thus hurting our growth - Pedophilia is a form of mental disorder and IS TREATABLE. - Pedos are not oppressed. - We have the right to protect ourselves,1,1.0,0.0,0.0
How New Orleans Reduced Its Homeless Population By 90 Percent https://t.co/N1IGCaCdbw,1,1.0,0.0,0.0
On #WorldWetlandsDay we remind nations considering their Nationally Determined Contributions -NDCs- to fulfil their #ClimateAction plans & achieve targets under #ParisAgreement. that Wetlands are important carbon stores that function best when intact #WetlandBiodiversityMatters https://t.co/OfzahVQ81E,1,1.0,0.0,0.0
Weather damage affects rail traffic in several federal states https://t.co/fcn3t02zXe,1,1.0,0.0,0.0
"@ComfortablySmug @EricTrump While Trump didn't explicitly say that sick Americans should go to work, he did state that those with mild coronavirus cases can still recover while going about their daily lives ‚Äî an assertion that contradicts public health officials' recommendations on how to manage the illness",1,1.0,0.0,0.0
@GreatTammie @RudeRicky @latimes Got houseless? Want to have #PublicHealth for the survival of the human species? HOUSING and HEALTHCARE! #CORONAVIRUS ‚ÄúOregon‚Äôs homeless at risk for coronavirus. The crowded conditions in which the homeless live make them more susceptible to the virus.‚Äù https://t.co/KwchIaTGck,1,1.0,0.0,0.0
"""Optimism is the faith that leads to achievement. Nothing can be done without hope and confidence."" - Helen Keller #AsiManshiDebut",1,1.0,0.0,0.0
"We know that #coronavirus is a cause for concern and stress for many. Whether you're #WorkingFromHome, #SocialDistancing or #SelfIsolating, it's important to look after our wellbeing. Find out how you can support your mental health: https://t.co/f0D8tTQvpx https://t.co/JgfT7Lcs9T",1,1.0,0.0,0.0
Music has the ability to repair brain damage as well as return lost memories. #haitian #music,1,1.0,0.0,0.0
"Turkey reports lower number of coronavirus cases for a second day in row. 4,093 cases were reported Monday, down by 696 when compared to the previous day, 4,789. 61,049 sickened since March 10 and 1,296 have died since March 17, per @drfahrettinkoca About 4K recoveries so far",1,1.0,0.0,0.0
"Did you know eye exercises & vision therapy can help with digital eye strain & certain eye conditions? Eye exercises will strengthen weak eye muscles, improve blood circulation & muscle tone. Try these eye exercise for a better & stronger vision üëÅüëÅüíô‚ú® #CentralAmericanTwitter https://t.co/KKrwUFJRvG",1,1.0,0.0,0.0
"@rantingelisa @KatyMontgomerie @JackieDP @NewgentTGA This part, science illiterate one: ‚ÄòThe overall mortality for sex-reassigned persons was higher during follow-up (aHR 2.8; 95% CI 1.8‚Äì4.3) than for controls of the same birth sex, particularly death from suicide",1,1.0,0.0,0.0
"@chuckwoolery Yes me, too. Ventilation can be very dangerous, any Pulmonary Dr. will support that. When my husband had cardiac arrest he was on for 6 days, the Pulmonary Physician worked to get him off it ASAP, otherwise body becomes dependent & they may never be able to breath on their own",1,1.0,0.0,0.0
"The suicide rate is higher because of lack of opportunities, unemployment a faulty healthcare system, men feeling expendable and lack of fathers. How is this going to address any of that? America is low on the happiness index. https://t.co/RdybLtFb1Q",1,1.0,0.0,0.0
@EmericanJohnson OK I will try to cancel. Here is a hot take that might cause some vocal disagreement with some vietnamese: Le Duan was not strategically competent and ran the war badly. Giap was better but still not exactly a military genius. Loads of errors cost many lives. They still won tho,1,1.0,0.0,0.0
"HCQ saves lives! ""Why would the non-doctors, Google, Twitter, Facebook, try to stop people from getting something that really does help people? It certainly helped me."" Rep. Louie Gohmert to Newsmax TV: They Wanted Me to 'Just Die'; HCQ Saved Me https://t.co/39mGOvQyDy",1,1.0,0.0,0.0
"Today the El Paso Department of Health reports 20 COVID-19 deaths. While this is the highest single-day increase, the deaths did not occur on the same day. https://t.co/p6NmrYpR0U",1,1.0,0.0,0.0
"The difference between how smoking and obesity are treated, despite producing roughly similar results for public health (tho obesity might be worse now) is fascinating",1,1.0,0.0,0.0
"@Ali_at_home @Juneo_x @magoniareview @JuliaHB1 @WomensPrize Trans people support only trans people. Ask Lesbians whose dating sites are infested with men. I don't buy your thinking, you won't persuade me so goodnight.",1,1.0,0.0,0.0
"@Jubair22 My question is how many of these deaths are really COVID? Like I said earlier, Flu cases have dropped 90% this year. I seriously doubt that the Flu virus just disappeared. I have a feeling that some, not all, of these COVID deaths could be Flu related.",1,1.0,0.0,0.0
The COVID-19 pandemic is not over. Incorrect information can cost lives ‚Äî it undermines our efforts to control the virus and protect those most at risk. Today I make a #PledgetoPause before I share information online ‚Äî will you join me? https://t.co/PB5mefqdnd,1,1.0,0.0,0.0
@LaylaFanucci @realDonaldTrump I'm sorry but we DO NOT have 1/4 of million dead from covid. Total deaths in the U.S.. are actually lower this yr than yrs before. Do some research on your own and quit believing everything you hear on the news.,1,1.0,0.0,0.0
@RepCohen @SenAlexander @SenBobCorker pls support #NIH funding to help fight #pancreaticcancer @PanCAN @PanCANMemphis #ifight4MyDad,1,0.0,0.0,1.0
"The who, what, when, where, and why of the @BloombergCities & @nesta_uk #Iteams research http://t.co/1tCfbw4QPI #innovation #publicsector",1,0.0,0.0,1.0
Lupus Research Institute Awards $1-Million Grants to Discover What Causes Lupus http://t.co/aXopNmLyI7,1,0.0,0.0,1.0
The House science committee anti-NSF witch hunt is now demanding information on grants in the physical sciences. http://t.co/2tfH4XUeLk,1,0.0,0.0,1.0
#MSGDonated4Million to support the research of Thalassemia & AIDS cure,1,0.0,0.0,1.0
George #Boole Boolean logic inventor b OTD 1815: his Cork plaque https://t.co/y20LI0xGyQ #Boole200 @georgeboole200 https://t.co/3Ufu08KrrW,1,0.0,0.0,1.0
"VIDEO: Dr. Keith Flaherty talks about the genetics of cancer, #targetedtherapy, #clinicaltrials, precision medicine https://t.co/oFjd4YEEZe",1,0.0,0.0,1.0
Brexit: the implications for life sciences https://t.co/9U7iNYwouw,1,0.0,0.0,1.0
How is @UChicagoIME shaping the future of science? Find out on April 6: https://t.co/bUwFwv58SO https://t.co/tLCunXaU4n,1,0.0,0.0,1.0
"The War On Science: What It Is And How To Win It [Greg Laden's Blog]: Thinker, writer, and ind... https://t.co/n0R0dmssXQ #Science #nTLD",1,0.0,0.0,1.0
The Rise of bilingual #sciencejournalism #ECSJ2017 @jarimakinen @nuriajar @swaforini @fedkukso https://t.co/3P7gdyQUyb,1,0.0,0.0,1.0
Keep checking in on latest @ealcs1 articles. Soon roundtable on @G_A_Musila's landmark book!#MyTwitterAnniversary https://t.co/T3MqpEjemP https://t.co/AWzGFaGcOE,1,0.0,0.0,1.0
@blynntopsfield wow lots of cancer research supports trump - no surprise,1,0.0,0.0,1.0
"Science, Meaning and the Imagination: How can we bring the human being back into our science? https://t.co/8tBo3aLRJK https://t.co/1Xezcj7Cci",1,0.0,0.0,1.0
"Florence & Herbert Irving have given $700 million to @Columbia & @nyphospital to dramatically advance #cancer research & treatment, building on 3 decades of support for @ColumbiaMed & @columbiacancer https://t.co/Ql7o8H7Q5J",1,0.0,0.0,1.0
"The forbidden words are ‚Äúvulnerable,‚Äù ‚Äúentitlement,‚Äù ‚Äúdiversity,‚Äù ‚Äútransgender,‚Äù ‚Äúfetus,‚Äù ‚Äúevidence-based‚Äù and ‚Äúscience-based.‚Äù https://t.co/6Olvpyz5JR",1,0.0,0.0,1.0
This conference on mental health nursing takes place in September in Manchester #MHRN2018 - open for submissions - deadline 27 April https://t.co/juOH84CdEo,1,0.0,0.0,1.0
"From March 5 - 9 @FieldsInstitute's workshop on human-environment systems brings together researchers presenting advances on how to protect biodiversity, control species invasions, create resilient ecosystems, and much more. https://t.co/azsmfF9Zda https://t.co/kTUFZCOng0",1,0.0,0.0,1.0
And the winners of the 2018 Five College DataFest are: https://t.co/mQI0Yg6qIC #asadatafest,1,0.0,0.0,1.0
"BREAKING: Astronaut Alan Bean, fourth man to walk on moon, dies at 86 https://t.co/LPWIb4BN3U",1,0.0,0.0,1.0
"@anshulkundaje @NipsConference Would love to see MLCB as a full conference, with workshops in genomics, immunology, &c.",1,0.0,0.0,1.0
"Major new funding and a race and oral histories project for UCSD's new Institute of Arts & Humanities, a spooky events guide, tonight's (!) Vi Khi Nao reading at SDSU, and more for my first @voiceofsandiego Culture Report https://t.co/WESXjIUreb",1,0.0,0.0,1.0
"RT @thakurfdn: @thakurfdn announces investigative grants for reporting in #publichealth INR 500,000 for six month reporting assignment; freedom to publish in media-house of your choice. Apply on-line starting April 20, 2019 at https://t.co/4ZBUnqrtaJ https://t.co/8ZLlaqJhM6",1,0.0,0.0,1.0
@katythakkar1 @NeilWoodward20 PALM by @AndersonWinkler ‚Äî> https://t.co/fSN9cntWvB. We used it successfully for this purpose via non-parametric route. Highly recommended piece of remarkably powerful statistical inference software.,1,0.0,0.0,1.0
"Join us for the Franklin First UMC BioBlitz on Saturday, May 18 at the Franklin First UMC Main Campus. Here scientists, families, students, teachers, and the community work together to get a snapshot of the ""wild"" spaces of our 107-acre campus. Register: https://t.co/wM5M139iqG https://t.co/1A3Eh6gVHO",1,0.0,0.0,1.0
.@Frontier_Usyd is hosting a Frontotemporal Dementia (FTD) Information & Support Day for Families and Carers. Hear from our academics about all the latest research and support services #USydBMC https://t.co/TFZ8lSp4pV,1,0.0,0.0,1.0
"This #MentalHealthAwarenessWeek, Prof John Sheehan our Consultant in Perinatal psychiatry will be speaking about 'Managing depression & bipolar disorder in pregnancy & postpartum period' at the @aware conference this Sat. For clinicians & public alike. https://t.co/xOTCCftRBW https://t.co/CpHvZrpB7m",1,0.0,0.0,1.0
Congratulations to @iliciub1 for receiving the Puskas Memorial Fellowship https://t.co/oqFTMuyFHq Ilinca studies malaria transmission dynamics with a focus on within-vector parasite interactions #WomenInSTEM @womeninmalaria @PurdueBiolSci @PurdueEEB,1,0.0,0.0,1.0
"Freeman J. Dyson, a mathematical prodigy who left his mark on subatomic physics before gaining public renown as a writer and technological visionary, has died https://t.co/IDtWxjBUsk",1,0.0,0.0,1.0
"Canadian? Take 5 min to complete this Stats Can survey on the impacts of #COVID19 that will be used to help asses the needs of communities, implement suitable support measures during and after the pandemic, and could become an important resource for future research https://t.co/ZVeuf7fImt",1,0.0,0.0,1.0
".@nature endorses @JoeBiden >> ""We cannot stand by and let science be undermined. Joe Biden‚Äôs trust in truth, evidence, science and democracy make him the only choice in the US election."" https://t.co/zPRO4c3uHY",1,0.0,0.0,1.0
"This looks like a great opportunity to get research in WASH published, with mentorship available too. Special issue of the H2open journal. https://t.co/DLBrcQx9QB @IWAPublishing #washtwitter #wash #sanitation #water #hygiene #SDGs",1,0.0,0.0,1.0
Highly prestigious and competitive awards funded by the European Union to support scholars in pursuing ground breaking research have been made to five Edinburgh academics. @ERC_Research https://t.co/D9ngBbxLQS,1,0.0,0.0,1.0
Study reveals new insights into space exploration using AI and big data.,1,0.0,0.0,1.0
public health is now a priority research area according to the National Science Foundation.,1,0.0,0.0,1.0
Annual report shows growing interest in data science across scientific communities.,1,0.0,0.0,1.0
Read the latest findings on cancer research published in the Journal of Medical Research.,1,0.0,0.0,1.0
Partnership between NASA and Stanford to advance scientific understanding of genomics.,1,0.0,0.0,1.0
Read the latest findings on neuroscience published in the Journal of Medical Research.,1,0.0,0.0,1.0
Check out this summary of recent developments in CNRS: marine biology,1,0.0,0.0,1.0
Govt pledges new grants to support clean energy innovations. #PolicyAndScience,1,0.0,0.0,1.0
Check out this summary of recent developments in MIT: neuroscience,1,0.0,0.0,1.0
Check out this summary of recent developments in WHO: space exploration,1,0.0,0.0,1.0
Partnership between Universit√© de Montpellier and University of Oxford to advance scientific understanding of clean energy.,1,0.0,0.0,1.0
Check out this summary of recent developments in UNESCO: space exploration,1,0.0,0.0,1.0
New research funding announced for public health studies. #ScienceNews,1,0.0,0.0,1.0
Event recap: discussions on the future of data science held at the Global Science Forum.,1,0.0,0.0,1.0
Major breakthrough in UNESCO reported by researchers at space exploration.,1,0.0,0.0,1.0
genomics is now a priority research area according to the National Science Foundation.,1,0.0,0.0,1.0
New research funding announced for AI ethics studies. #ScienceNews,1,0.0,0.0,1.0
Read the latest findings on cancer research published in the Journal of Medical Research.,1,0.0,0.0,1.0
Annual report shows growing interest in quantum computing across scientific communities.,1,0.0,0.0,1.0
space exploration is now a priority research area according to the National Science Foundation.,1,0.0,0.0,1.0
Major breakthrough in Harvard reported by researchers at mental health.,1,0.0,0.0,1.0
Study reveals new insights into clean energy using AI and big data.,1,0.0,0.0,1.0
Check out this summary of recent developments in Inserm: vaccination,1,0.0,0.0,1.0
Major breakthrough in University of Oxford reported by researchers at marine biology.,1,0.0,0.0,1.0
Event recap: discussions on the future of public health held at the Global Science Forum.,1,0.0,0.0,1.0
Read the latest findings on nanotechnology published in the Journal of Medical Research.,1,0.0,0.0,1.0
Study reveals new insights into mental health using AI and big data.,1,0.0,0.0,1.0
Read the latest findings on vaccination published in the Journal of Medical Research.,1,0.0,0.0,1.0
Major breakthrough in NASA reported by researchers at data science.,1,0.0,0.0,1.0
Event recap: discussions on the future of marine biology held at the Global Science Forum.,1,0.0,0.0,1.0
Study reveals new insights into public health using AI and big data.,1,0.0,0.0,1.0
Read the latest findings on climate change published in the Journal of Medical Research.,1,0.0,0.0,1.0
Check out this summary of recent developments in Universit√© de Montpellier: cancer research,1,0.0,0.0,1.0
Check out this summary of recent developments in WHO: marine biology,1,0.0,0.0,1.0
Check out this summary of recent developments in University of Oxford: vaccination,1,0.0,0.0,1.0
Check out this summary of recent developments in WHO: data science,1,0.0,0.0,1.0
Study reveals new insights into social behavior using AI and big data.,1,0.0,0.0,1.0
Study reveals new insights into public health using AI and big data.,1,0.0,0.0,1.0
space exploration is now a priority research area according to the National Science Foundation.,1,0.0,0.0,1.0
New research funding announced for genomics studies. #ScienceNews,1,0.0,0.0,1.0
neuroscience is now a priority research area according to the National Science Foundation.,1,0.0,0.0,1.0
Major breakthrough in CNRS reported by researchers at space exploration.,1,0.0,0.0,1.0
Check out this summary of recent developments in Harvard: social behavior,1,0.0,0.0,1.0
New research funding announced for space exploration studies. #ScienceNews,1,0.0,0.0,1.0
Read the latest findings on genomics published in the Journal of Medical Research.,1,0.0,0.0,1.0
Major breakthrough in CNRS reported by researchers at cancer research.,1,0.0,0.0,1.0
Major breakthrough in Harvard reported by researchers at space exploration.,1,0.0,0.0,1.0
Study reveals new insights into neuroscience using AI and big data.,1,0.0,0.0,1.0
Govt pledges new grants to support neuroscience innovations. #PolicyAndScience,1,0.0,0.0,1.0
Govt pledges new grants to support clean energy innovations. #PolicyAndScience,1,0.0,0.0,1.0
Annual report shows growing interest in social behavior across scientific communities.,1,0.0,0.0,1.0
Partnership between NASA and Inserm to advance scientific understanding of data science.,1,0.0,0.0,1.0
Partnership between University of Oxford and ETH Zurich to advance scientific understanding of cancer research.,1,0.0,0.0,1.0
clean energy is now a priority research area according to the National Science Foundation.,1,0.0,0.0,1.0
Study reveals new insights into quantum computing using AI and big data.,1,0.0,0.0,1.0
Major breakthrough in MIT reported by researchers at space exploration.,1,0.0,0.0,1.0
vaccination is now a priority research area according to the National Science Foundation.,1,0.0,0.0,1.0
Check out this summary of recent developments in UNESCO: space exploration,1,0.0,0.0,1.0
Event recap: discussions on the future of social behavior held at the Global Science Forum.,1,0.0,0.0,1.0
Partnership between University of Oxford and Stanford to advance scientific understanding of public health.,1,0.0,0.0,1.0
Read the latest findings on marine biology published in the Journal of Medical Research.,1,0.0,0.0,1.0
Govt pledges new grants to support clean energy innovations. #PolicyAndScience,1,0.0,0.0,1.0
New research funding announced for mental health studies. #ScienceNews,1,0.0,0.0,1.0
Read the latest findings on cancer research published in the Journal of Medical Research.,1,0.0,0.0,1.0
Study reveals new insights into climate change using AI and big data.,1,0.0,0.0,1.0
Partnership between University of Oxford and MIT to advance scientific understanding of public health.,1,0.0,0.0,1.0
social behavior is now a priority research area according to the National Science Foundation.,1,0.0,0.0,1.0
Event recap: discussions on the future of nanotechnology held at the Global Science Forum.,1,0.0,0.0,1.0
Annual report shows growing interest in quantum computing across scientific communities.,1,0.0,0.0,1.0
Check out this summary of recent developments in NASA: neuroscience,1,0.0,0.0,1.0
Annual report shows growing interest in data science across scientific communities.,1,0.0,0.0,1.0
Read the latest findings on social behavior published in the Journal of Medical Research.,1,0.0,0.0,1.0
Partnership between CNRS and ETH Zurich to advance scientific understanding of cancer research.,1,0.0,0.0,1.0
Study reveals new insights into quantum computing using AI and big data.,1,0.0,0.0,1.0
Check out this summary of recent developments in CNRS: social behavior,1,0.0,0.0,1.0
Partnership between NASA and WHO to advance scientific understanding of cancer research.,1,0.0,0.0,1.0
Check out this summary of recent developments in Harvard: marine biology,1,0.0,0.0,1.0
space exploration is now a priority research area according to the National Science Foundation.,1,0.0,0.0,1.0
Check out this summary of recent developments in Stanford: space exploration,1,0.0,0.0,1.0
Event recap: discussions on the future of nanotechnology held at the Global Science Forum.,1,0.0,0.0,1.0
Study reveals new insights into data science using AI and big data.,1,0.0,0.0,1.0
Major breakthrough in NASA reported by researchers at marine biology.,1,0.0,0.0,1.0
Check out this summary of recent developments in CNRS: climate change,1,0.0,0.0,1.0
Partnership between Stanford and Inserm to advance scientific understanding of quantum computing.,1,0.0,0.0,1.0
Major breakthrough in WHO reported by researchers at space exploration.,1,0.0,0.0,1.0
Study reveals new insights into nanotechnology using AI and big data.,1,0.0,0.0,1.0
New research funding announced for marine biology studies. #ScienceNews,1,0.0,0.0,1.0
AI ethics is now a priority research area according to the National Science Foundation.,1,0.0,0.0,1.0
New research funding announced for vaccination studies. #ScienceNews,1,0.0,0.0,1.0
Partnership between CNRS and Inserm to advance scientific understanding of nanotechnology.,1,0.0,0.0,1.0
Partnership between ETH Zurich and UNESCO to advance scientific understanding of vaccination.,1,0.0,0.0,1.0
