text	science_related	scientific_claim	scientific_reference	scientific_context	label
Dark Skin May Be A Protector Against Cancer http://t.co/lrC8Rsuyqz	1	1.0	0.0	0.0	0
The low sun angle and the reflective surface of the fresh snow slowing the melting process of the snowpack #ndwx https://t.co/tIG2TYSw91	1	1.0	0.0	0.0	0
Pain changes people	1	1.0	0.0	0.0	0
82% of Americans support a pathway to citizenship! We have to remove the fear & #ProtectDREAMErs now. #AxeFiles	1	1.0	0.0	0.0	0
Adverse #Effects #Of #Marijuana #Cannabis #Seeds #Sale #How #To #Grow #Cannabis #Indoors https://t.co/F2rvT9UTS0	1	1.0	0.0	0.0	0
Nobody wants you till they think you‚Äôre in a relationship. Ain‚Äôt that some reverse psychology shit for you üòÇ	1	1.0	0.0	0.0	0
This technology will stop snoring forever! https://t.co/5UMpF8n4bH	1	1.0	0.0	0.0	0
The COVID-19 pandemic is not over. Incorrect information can cost lives ‚Äî it undermines our efforts to control the virus and protect those most at risk. Today I make a #PledgetoPause before I share information online ‚Äî will you join me? https://t.co/PB5mefqdnd	1	1.0	0.0	0.0	0
@Jubair22 My question is how many of these deaths are really COVID? Like I said earlier, Flu cases have dropped 90% this year. I seriously doubt that the Flu virus just disappeared. I have a feeling that some, not all, of these COVID deaths could be Flu related.	1	1.0	0.0	0.0	0
Poverty is the greatest cause behind child labour. #RisePakistan	1	1.0	0.0	0.0	0
Perfect teeth are a turn on	1	1.0	0.0	0.0	0
This impressive new surf lake near Bristol can generate up to 1,000 waves an hour and is 100% powered by renewables.. https://t.co/GA0FQrlDsT	1	1.0	0.0	0.0	0
Hard work NEVER fails, start working, stop complaining. If you work for it, you'll appreciate it! üíØ	1	1.0	0.0	0.0	0
‚ÄúStronger relationships lead to stronger communities. Stronger communities are what makes America, America.‚Äù Read the full story SuccessBeyond the Front Lines from @southmagazine: https://t.co/wZvIVZzyTg | #GORUCK https://t.co/1ZZHIXCeU4	1	1.0	0.0	0.0	0
5 Surprising Ways Social Media is Affecting Healthcare ~ Social Media Frontiers: http://t.co/IxuQ4hfxw5	1	1.0	0.0	0.0	0
Will export control of exploits by Waassenaar signatories prevent catastrophic cyberwar? #ruxpanel	1	1.0	0.0	0.0	0
Over thinking causes the mind to create negative scenarios and replay painful memories.	1	1.0	0.0	0.0	0
My very first statnews byline Men with breast #cancer have a 19 higher mortality rate than women with the condition. Advocacy groups push for awareness and education to help combat it. httpsbuff.ly2B5PvE8√Ç: My very first statnews byline Men with breast‚Ä¶ https://t.co/uJRXR1dQog	1	1.0	0.0	0.0	0
‚Äú@UberFacts: During Medieval times, red hair was associated with intense sexual desire and moral degradation.‚Äù @EElise13	1	1.0	0.0	0.0	0
@rantingelisa @KatyMontgomerie @JackieDP @NewgentTGA This part, science illiterate one: ‚ÄòThe overall mortality for sex-reassigned persons was higher during follow-up (aHR 2.8; 95% CI 1.8‚Äì4.3) than for controls of the same birth sex, particularly death from suicide	1	1.0	0.0	0.0	0
A good pass often leads to a good shot. The extra pass often leads to a great shot. #Selfless #Assist	1	1.0	0.0	0.0	0
how u treat others will reflect on how u feel	1	1.0	0.0	0.0	0
Can any Gynecologist with Cancer Experience explain the dangers of Transvaginal Douching with Fluoride or other toxins such as Dioxin? #PDX	1	1.0	0.0	0.0	0
Is Ebola a health care system mishap?	1	1.0	0.0	0.0	0
Companies report 48% increase in attempted cyber security breaches http://t.co/wUdCJb7y8v #DGInsights #cybersecurity http://t.co/a38n3hZg70	1	1.0	0.0	0.0	0
#10: RapidKetosis Premium Exogenous Ketone Supplement - Weight Loss Was Never Easier‚Ä¶ https://t.co/OoRJlk58BA #Prepared #Foods	1	1.0	0.0	0.0	0
"@billmaher What can ""we"" do Bill? All the gun laws in the fucking world won't stop mentally ill killers from killing people..."	1	1.0	0.0	0.0	0
Furthermore, drinking more water alone actually aids in losing weight.	1	1.0	0.0	0.0	0
#Severe fibromyalgia symptoms linked to obesity, weight gain - https://t.co/NZG7iqYpas https://t.co/rnTKnmhL2V	1	1.0	0.0	0.0	0
@GreatTammie @RudeRicky @latimes Got houseless? Want to have #PublicHealth for the survival of the human species? HOUSING and HEALTHCARE! #CORONAVIRUS ‚ÄúOregon‚Äôs homeless at risk for coronavirus. The crowded conditions in which the homeless live make them more susceptible to the virus.‚Äù https://t.co/KwchIaTGck	1	1.0	0.0	0.0	0
Coffee Drinking Associated With Lower Risk of Stroke ‚û° https://t.co/UziyhDa6WE https://t.co/8qHVzTjAHV	1	1.0	0.0	0.0	0
@ColinKahl There has been a sharp increase in reported abuse of travellers - particularly non-whites - by CBP & ICE personnel. https://t.co/sVIYIvMNTk	1	1.0	0.0	0.0	0
Pain changes people.	1	1.0	0.0	0.0	0
Law leads to guilt,guilt leads to struggle,struggle leads to failure,failure leads to more guilt,guilt leads to more sin + hopelessness!	1	1.0	0.0	0.0	0
Turkey reports lower number of coronavirus cases for a second day in row. 4,093 cases were reported Monday, down by 696 when compared to the previous day, 4,789. 61,049 sickened since March 10 and 1,296 have died since March 17, per @drfahrettinkoca About 4K recoveries so far	1	1.0	0.0	0.0	0
"""Take aspirin every day for 10 years and cut your chance of bowel/stomach cancer but increase your chance of a stroke or internal bleeding."""	1	1.0	0.0	0.0	0
The happier you are, the less sleep you require to function in everyday life. Sadness increases the urge to sleep more.	1	1.0	0.0	0.0	0
Using a ‚ÄúCookie‚Äù Mentality to Increase Patient Satisfaction and Collect More Payments #techblogs #startups https://t.co/MKoYE4Rlum	1	1.0	0.0	0.0	0
Donating blood not only helps others, but reduces the rate of cancer and heart disease in the donor. And can help you lose weight.	1	1.0	0.0	0.0	0
Check out B HEALING STONE & MAGNET PILLOW (THERPIC)HELPS STOP PAIN IN THE BODY http://t.co/3V9oG2aeHV via @eBay	1	1.0	0.0	0.0	0
RTs are a helluva drug	1	1.0	0.0	0.0	0
Change is essential for growth, but if we‚Äôre not under leadership of Holy Spirit, what will we become? https://t.co/9YvxyLUKXV	1	1.0	0.0	0.0	0
65% of cats born with blue eyes are deaf.	1	1.0	0.0	0.0	0
More Sex Doesn‚Äôt Lead To More Happiness, Reveals New Study. Surprised? ‚Äì Tech Times http://t.co/jtKodFKWmV	1	1.0	0.0	0.0	0
So what was Israels reason for attacks, murder and destruction of the Palestinian people before 1982? SIMPLY HATE AND ETHNIC CLEANSING https://t.co/hLlBuxWvcU	1	1.0	0.0	0.0	0
also cancer is virtually incurable bc all cancers are different :)	1	1.0	0.0	0.0	0
Today the El Paso Department of Health reports 20 COVID-19 deaths. While this is the highest single-day increase, the deaths did not occur on the same day. https://t.co/p6NmrYpR0U	1	1.0	0.0	0.0	0
.@Oprah Nuclear weapons are a real, deadly problem that entire popul. of world must deal with http://t.co/6SEM76ud2c #SaveFukuChildren	1	1.0	0.0	0.0	0
Do conservatives know that legally taking away abortion isn't going to actually stop people from getting abortions?	1	1.0	0.0	0.0	0
Evolution doesn't apply to individuals, but to species. There's a benefit to having a certain percentage of the population remain outside of the breeding pool to devote their energies to supporting the clan by other means, such as myself, a well-to-do but dotty aunt. #atheism https://t.co/gxI0VYB5s9	1	1.0	0.0	0.0	0
"""@TheFactsBook: Drinking chocolate milk has been proven to help relieve muscle soreness after a workout.""@dietervoigtsa dink jy dis waar?"	1	1.0	0.0	0.0	0
The happier you are, the less sleep you require to function in everyday life. Sadness increases the urge to sleep more.	1	1.0	0.0	0.0	0
Seeking perfection in trading leads to massive losses https://t.co/VacaxTq2zE	1	1.0	0.0	0.0	0
Farting helps reduce high blood pressure and is good for your health. Isn‚Äôt it funny and healthy? ÔÅä http://t.co/aiAnQvFfiW #physio #herts	1	1.0	0.0	0.0	0
How Employment Can Change the Life of Someone with a Disability https://t.co/VxAtaX7qi5	1	1.0	0.0	0.0	0
Beauty Tips : Blood Sugar Support Cardiovascular Health Dietary Supplement (6 Bottles) http://t.co/bp6W50L2yX #892	1	1.0	0.0	0.0	0
WARNING! Bible reading can be habit forming and will cause loss of fear and anxiety. Side effects are joy, love, peace, and contentment!	1	1.0	0.0	0.0	0
(3) Fear of illness because of poverty is a national disgrace. It also causes huge numbers to live in a perpetual state of stress.	1	1.0	0.0	0.0	0
#PhysicalActivity is imp at every age, esp bc it can help strengthen bones & muscles & prevent falls. #ActiveAgeing http://t.co/B7gXec7gCG	1	1.0	0.0	0.0	0
@chuckwoolery Yes me, too. Ventilation can be very dangerous, any Pulmonary Dr. will support that. When my husband had cardiac arrest he was on for 6 days, the Pulmonary Physician worked to get him off it ASAP, otherwise body becomes dependent & they may never be able to breath on their own	1	1.0	0.0	0.0	0
When we think of unhealthy living we generally think of diet and exercise. Diet and exercise are an intricate... http://t.co/bGnam9Thx1	1	1.0	0.0	0.0	0
"HCQ saves lives! ""Why would the non-doctors, Google, Twitter, Facebook, try to stop people from getting something that really does help people? It certainly helped me."" Rep. Louie Gohmert to Newsmax TV: They Wanted Me to 'Just Die'; HCQ Saved Me https://t.co/39mGOvQyDy"	1	1.0	0.0	0.0	0
PROOF That Gun Bans Increase Murder Rates https://t.co/ogYX8lB3xN... https://t.co/Fcq5UNTRhH|mM	1	1.0	0.0	0.0	0
@DrOlufunmilayo Smoking cannabis helps with controlling the nausea that comes with chemotherapy drugs.	1	1.0	0.0	0.0	0
Myth: Warm Up can Increase Vertical Jump! True or False? #nba See at : https://t.co/ZjGHyzRNGd https://t.co/jHDDRcxYnb	1	1.0	0.0	0.0	0
We know that #coronavirus is a cause for concern and stress for many. Whether you're #WorkingFromHome, #SocialDistancing or #SelfIsolating, it's important to look after our wellbeing. Find out how you can support your mental health: https://t.co/f0D8tTQvpx https://t.co/JgfT7Lcs9T	1	1.0	0.0	0.0	0
On #WorldWetlandsDay we remind nations considering their Nationally Determined Contributions -NDCs- to fulfil their #ClimateAction plans & achieve targets under #ParisAgreement. that Wetlands are important carbon stores that function best when intact #WetlandBiodiversityMatters https://t.co/OfzahVQ81E	1	1.0	0.0	0.0	0
Caution! 3D Printers Could Cause Health Problems. Find out more here: http://t.co/BRAwvRgq28	1	1.0	0.0	0.0	0
@khushsundar Do u think legalising prostitution in all states will decrease sexual abusing. Pls give me s reply mam.	1	1.0	0.0	0.0	0
The suicide rate is higher because of lack of opportunities, unemployment a faulty healthcare system, men feeling expendable and lack of fathers. How is this going to address any of that? America is low on the happiness index. https://t.co/RdybLtFb1Q	1	1.0	0.0	0.0	0
Can playing more games improve lives and save the world? by @chris_pelle via @PostArcade http://t.co/uEtVu099Ad #CDA30	1	1.0	0.0	0.0	0
Determination leads to Success. Best day of my life #nowplaying	1	1.0	0.0	0.0	0
#Deals : New Improved Unique Color Therapy Lamps Light Promotes Wellness Health http://t.co/NJTKhFgizu #Beauty ‚Ä¶ http://t.co/u65daPcbA6	1	1.0	0.0	0.0	0
Lack of free will and unwillingness to exercise it are functionally equivalent.	1	1.0	0.0	0.0	0
@berniewestacott Play in early years is so important. The almost complete disappearance of unregulated, unmonitored, unsupervised free play in childhood is one of the key drivers of the increase in mental health issues. Schools can help: more unsupervised play, longer breaks, longer lunch, etc	1	1.0	0.0	0.0	0
A wise Physician said, ‚ÄúThe best medicine for Humans is LOVE.‚Äù Some1 asked, ‚ÄúIf it doesn‚Äôt work?‚Äù He smiled&answered, ‚Äú Increase the dose.‚Äù	1	1.0	0.0	0.0	0
suicide is now the third leading cause of death among African Americans between the ages of 15 to 24	1	1.0	0.0	0.0	0
The difference between how smoking and obesity are treated, despite producing roughly similar results for public health (tho obesity might be worse now) is fascinating	1	1.0	0.0	0.0	0
UN and EU propaganda by socialist media compares 2019 data of built surfaces with 2003 data of tampered temperature database. Fact: France has a record 50¬∞C heat wave in 1930 and similar and higher temperature in Spain etc. https://t.co/jtGv6gqhq3	1	1.0	0.0	0.0	0
Reading facebook comments for 20 minutes is scientifically proven to drop your IQ by more than 52%.	1	1.0	0.0	0.0	0
Benefits of music: - Stress relief - Boost immunity - Reduce heart disease - Enhances emotional strength - Boost self esteem	1	1.0	0.0	0.0	0
#Shame is a powerful emotion and may be experienced when recovering from an #eatingdisorder. When shame seems to be winning, counter with #selfcompassion. https://t.co/fzBo6RuF3j https://t.co/iy12blHfD4	1	1.0	0.0	0.0	0
Did you know that #HighBloodPressure causes #ErectileDysfunction? #menshealth https://t.co/uCUE9RKgUO https://t.co/nkrP6hsLMl	1	1.0	0.0	0.0	0
Good advice for the too many White people who can‚Äôt seem to understand that calling the police on Black people can cause death. https://t.co/Dyqy19wN5t	1	1.0	0.0	0.0	0
Five ways subscription box services can increase customer retention https://t.co/dkcJywo5yL	1	1.0	0.0	0.0	0
@Ali_at_home @Juneo_x @magoniareview @JuliaHB1 @WomensPrize Trans people support only trans people. Ask Lesbians whose dating sites are infested with men. I don't buy your thinking, you won't persuade me so goodnight.	1	1.0	0.0	0.0	0
Is @ONgov going to pay for the increased #ONhealth care required to care for a 4-fold rise expected in teenage marijuana-intoxication after pot-legalization comes into effect? Colorado‚Äôs experience raises alarms that #ONpoli can‚Äôt afford to ignore. https://t.co/msm2ODcdG5	1	1.0	0.0	0.0	0
Kefir Health Benefits: Kefir Milk Grains last indefinitely. Kefir evidence suggests probiotics can alleviate many digestive problems, incl. irritable bowel syndrome & ulcers from H. pylori infection BUY HERE https://t.co/UXq872e3Oq https://t.co/Omddg6LmLE	1	1.0	0.0	0.0	0
High school does, in fact ,change people.	1	1.0	0.0	0.0	0
Matt Ridley: Climate policy is doing more harm than good https://t.co/L1MNlzi56d	1	1.0	0.0	0.0	0
Proper preparation prevents poor performance	1	1.0	0.0	0.0	0
(The Huffington Post) #Dramatic #Increase In Women Of Color As 2018 Candidates: Report : There was a 75 percent increase in women of color among nominees for Congress since 2012, a study shows. .. https://t.co/gvHI9Elazr https://t.co/31U7W3RO7s	1	1.0	0.0	0.0	0
Weather damage affects rail traffic in several federal states https://t.co/fcn3t02zXe	1	1.0	0.0	0.0	0
Cooling Therapy Might Not Help All Cardiac Arrest Patients https://t.co/4oNE2klZne	1	1.0	0.0	0.0	0
gratitude is a killer antidepressant	1	1.0	0.0	0.0	0
coumadin decreased sex drive men http://t.co/zfRNn4MMc6	1	1.0	0.0	0.0	0
@EmericanJohnson OK I will try to cancel. Here is a hot take that might cause some vocal disagreement with some vietnamese: Le Duan was not strategically competent and ran the war badly. Giap was better but still not exactly a military genius. Loads of errors cost many lives. They still won tho	1	1.0	0.0	0.0	0
The number of lies told by men would decrease significantly if women stopped asking questions	1	1.0	0.0	0.0	0
RT HealingMB: Stressed? Stretching reduces stress, increasing circulation, reducing pain etc #Healing #Yoga... https://t.co/XTyqkcaSBt	1	1.0	0.0	0.0	0
"""Optimism is the faith that leads to achievement. Nothing can be done without hope and confidence."" - Helen Keller #AsiManshiDebut"	1	1.0	0.0	0.0	0
Check out this summary of recent developments in NASA: neuroscience	1	0.0	0.0	1.0	1
Annual report shows growing interest in quantum computing across scientific communities.	1	0.0	0.0	1.0	1
Partnership between University of Oxford and Stanford to advance scientific understanding of public health.	1	0.0	0.0	1.0	1
Florence & Herbert Irving have given $700 million to @Columbia & @nyphospital to dramatically advance #cancer research & treatment, building on 3 decades of support for @ColumbiaMed & @columbiacancer https://t.co/Ql7o8H7Q5J	1	0.0	0.0	1.0	1
Study reveals new insights into quantum computing using AI and big data.	1	0.0	0.0	1.0	1
space exploration is now a priority research area according to the National Science Foundation.	1	0.0	0.0	1.0	1
Read the latest findings on vaccination published in the Journal of Medical Research.	1	0.0	0.0	1.0	1
@anshulkundaje @NipsConference Would love to see MLCB as a full conference, with workshops in genomics, immunology, &c.	1	0.0	0.0	1.0	1
Check out this summary of recent developments in NASA: neuroscience	1	0.0	0.0	1.0	1
New research funding announced for vaccination studies. #ScienceNews	1	0.0	0.0	1.0	1
Govt pledges new grants to support clean energy innovations. #PolicyAndScience	1	0.0	0.0	1.0	1
clean energy is now a priority research area according to the National Science Foundation.	1	0.0	0.0	1.0	1
Major breakthrough in CNRS reported by researchers at space exploration.	1	0.0	0.0	1.0	1
Major breakthrough in CNRS reported by researchers at space exploration.	1	0.0	0.0	1.0	1
Study reveals new insights into quantum computing using AI and big data.	1	0.0	0.0	1.0	1
Partnership between Stanford and Inserm to advance scientific understanding of quantum computing.	1	0.0	0.0	1.0	1
social behavior is now a priority research area according to the National Science Foundation.	1	0.0	0.0	1.0	1
Annual report shows growing interest in data science across scientific communities.	1	0.0	0.0	1.0	1
@katythakkar1 @NeilWoodward20 PALM by @AndersonWinkler ‚Äî> https://t.co/fSN9cntWvB. We used it successfully for this purpose via non-parametric route. Highly recommended piece of remarkably powerful statistical inference software.	1	0.0	0.0	1.0	1
Lupus Research Institute Awards $1-Million Grants to Discover What Causes Lupus http://t.co/aXopNmLyI7	1	0.0	0.0	1.0	1
Major new funding and a race and oral histories project for UCSD's new Institute of Arts & Humanities, a spooky events guide, tonight's (!) Vi Khi Nao reading at SDSU, and more for my first @voiceofsandiego Culture Report https://t.co/WESXjIUreb	1	0.0	0.0	1.0	1
space exploration is now a priority research area according to the National Science Foundation.	1	0.0	0.0	1.0	1
The who, what, when, where, and why of the @BloombergCities & @nesta_uk #Iteams research http://t.co/1tCfbw4QPI #innovation #publicsector	1	0.0	0.0	1.0	1
Study reveals new insights into quantum computing using AI and big data.	1	0.0	0.0	1.0	1
Check out this summary of recent developments in CNRS: social behavior	1	0.0	0.0	1.0	1
Canadian? Take 5 min to complete this Stats Can survey on the impacts of #COVID19 that will be used to help asses the needs of communities, implement suitable support measures during and after the pandemic, and could become an important resource for future research https://t.co/ZVeuf7fImt	1	0.0	0.0	1.0	1
Partnership between NASA and Stanford to advance scientific understanding of genomics.	1	0.0	0.0	1.0	1
The who, what, when, where, and why of the @BloombergCities & @nesta_uk #Iteams research http://t.co/1tCfbw4QPI #innovation #publicsector	1	0.0	0.0	1.0	1
Study reveals new insights into public health using AI and big data.	1	0.0	0.0	1.0	1
Study reveals new insights into mental health using AI and big data.	1	0.0	0.0	1.0	1
@anshulkundaje @NipsConference Would love to see MLCB as a full conference, with workshops in genomics, immunology, &c.	1	0.0	0.0	1.0	1
Highly prestigious and competitive awards funded by the European Union to support scholars in pursuing ground breaking research have been made to five Edinburgh academics. @ERC_Research https://t.co/D9ngBbxLQS	1	0.0	0.0	1.0	1
Check out this summary of recent developments in Harvard: social behavior	1	0.0	0.0	1.0	1
Event recap: discussions on the future of public health held at the Global Science Forum.	1	0.0	0.0	1.0	1
Major new funding and a race and oral histories project for UCSD's new Institute of Arts & Humanities, a spooky events guide, tonight's (!) Vi Khi Nao reading at SDSU, and more for my first @voiceofsandiego Culture Report https://t.co/WESXjIUreb	1	0.0	0.0	1.0	1
Check out this summary of recent developments in CNRS: social behavior	1	0.0	0.0	1.0	1
Major breakthrough in MIT reported by researchers at space exploration.	1	0.0	0.0	1.0	1
genomics is now a priority research area according to the National Science Foundation.	1	0.0	0.0	1.0	1
Check out this summary of recent developments in UNESCO: space exploration	1	0.0	0.0	1.0	1
Read the latest findings on nanotechnology published in the Journal of Medical Research.	1	0.0	0.0	1.0	1
Check out this summary of recent developments in MIT: neuroscience	1	0.0	0.0	1.0	1
Event recap: discussions on the future of social behavior held at the Global Science Forum.	1	0.0	0.0	1.0	1
Study reveals new insights into mental health using AI and big data.	1	0.0	0.0	1.0	1
Major breakthrough in Harvard reported by researchers at space exploration.	1	0.0	0.0	1.0	1
Florence & Herbert Irving have given $700 million to @Columbia & @nyphospital to dramatically advance #cancer research & treatment, building on 3 decades of support for @ColumbiaMed & @columbiacancer https://t.co/Ql7o8H7Q5J	1	0.0	0.0	1.0	1
Major breakthrough in NASA reported by researchers at data science.	1	0.0	0.0	1.0	1
Major breakthrough in NASA reported by researchers at data science.	1	0.0	0.0	1.0	1
Event recap: discussions on the future of data science held at the Global Science Forum.	1	0.0	0.0	1.0	1
Major breakthrough in NASA reported by researchers at data science.	1	0.0	0.0	1.0	1
Read the latest findings on cancer research published in the Journal of Medical Research.	1	0.0	0.0	1.0	1
Check out this summary of recent developments in CNRS: social behavior	1	0.0	0.0	1.0	1
Study reveals new insights into clean energy using AI and big data.	1	0.0	0.0	1.0	1
Check out this summary of recent developments in CNRS: climate change	1	0.0	0.0	1.0	1
Study reveals new insights into public health using AI and big data.	1	0.0	0.0	1.0	1
AI ethics is now a priority research area according to the National Science Foundation.	1	0.0	0.0	1.0	1
Lupus Research Institute Awards $1-Million Grants to Discover What Causes Lupus http://t.co/aXopNmLyI7	1	0.0	0.0	1.0	1
Event recap: discussions on the future of nanotechnology held at the Global Science Forum.	1	0.0	0.0	1.0	1
Read the latest findings on cancer research published in the Journal of Medical Research.	1	0.0	0.0	1.0	1
VIDEO: Dr. Keith Flaherty talks about the genetics of cancer, #targetedtherapy, #clinicaltrials, precision medicine https://t.co/oFjd4YEEZe	1	0.0	0.0	1.0	1
@anshulkundaje @NipsConference Would love to see MLCB as a full conference, with workshops in genomics, immunology, &c.	1	0.0	0.0	1.0	1
New research funding announced for genomics studies. #ScienceNews	1	0.0	0.0	1.0	1
Read the latest findings on neuroscience published in the Journal of Medical Research.	1	0.0	0.0	1.0	1
From March 5 - 9 @FieldsInstitute's workshop on human-environment systems brings together researchers presenting advances on how to protect biodiversity, control species invasions, create resilient ecosystems, and much more. https://t.co/azsmfF9Zda https://t.co/kTUFZCOng0	1	0.0	0.0	1.0	1
The House science committee anti-NSF witch hunt is now demanding information on grants in the physical sciences. http://t.co/2tfH4XUeLk	1	0.0	0.0	1.0	1
Major breakthrough in MIT reported by researchers at space exploration.	1	0.0	0.0	1.0	1
Study reveals new insights into mental health using AI and big data.	1	0.0	0.0	1.0	1
Science, Meaning and the Imagination: How can we bring the human being back into our science? https://t.co/8tBo3aLRJK https://t.co/1Xezcj7Cci	1	0.0	0.0	1.0	1
Study reveals new insights into data science using AI and big data.	1	0.0	0.0	1.0	1
New research funding announced for vaccination studies. #ScienceNews	1	0.0	0.0	1.0	1
How is @UChicagoIME shaping the future of science? Find out on April 6: https://t.co/bUwFwv58SO https://t.co/tLCunXaU4n	1	0.0	0.0	1.0	1
vaccination is now a priority research area according to the National Science Foundation.	1	0.0	0.0	1.0	1
space exploration is now a priority research area according to the National Science Foundation.	1	0.0	0.0	1.0	1
The who, what, when, where, and why of the @BloombergCities & @nesta_uk #Iteams research http://t.co/1tCfbw4QPI #innovation #publicsector	1	0.0	0.0	1.0	1
Annual report shows growing interest in social behavior across scientific communities.	1	0.0	0.0	1.0	1
Event recap: discussions on the future of social behavior held at the Global Science Forum.	1	0.0	0.0	1.0	1
space exploration is now a priority research area according to the National Science Foundation.	1	0.0	0.0	1.0	1
Study reveals new insights into mental health using AI and big data.	1	0.0	0.0	1.0	1
Study reveals new insights into public health using AI and big data.	1	0.0	0.0	1.0	1
Partnership between Universit√© de Montpellier and University of Oxford to advance scientific understanding of clean energy.	1	0.0	0.0	1.0	1
Brexit: the implications for life sciences https://t.co/9U7iNYwouw	1	0.0	0.0	1.0	1
Event recap: discussions on the future of data science held at the Global Science Forum.	1	0.0	0.0	1.0	1
public health is now a priority research area according to the National Science Foundation.	1	0.0	0.0	1.0	1
Read the latest findings on genomics published in the Journal of Medical Research.	1	0.0	0.0	1.0	1
Study reveals new insights into neuroscience using AI and big data.	1	0.0	0.0	1.0	1
Annual report shows growing interest in data science across scientific communities.	1	0.0	0.0	1.0	1
New research funding announced for AI ethics studies. #ScienceNews	1	0.0	0.0	1.0	1
Annual report shows growing interest in data science across scientific communities.	1	0.0	0.0	1.0	1
The House science committee anti-NSF witch hunt is now demanding information on grants in the physical sciences. http://t.co/2tfH4XUeLk	1	0.0	0.0	1.0	1
The who, what, when, where, and why of the @BloombergCities & @nesta_uk #Iteams research http://t.co/1tCfbw4QPI #innovation #publicsector	1	0.0	0.0	1.0	1
George #Boole Boolean logic inventor b OTD 1815: his Cork plaque https://t.co/y20LI0xGyQ #Boole200 @georgeboole200 https://t.co/3Ufu08KrrW	1	0.0	0.0	1.0	1
Major breakthrough in Harvard reported by researchers at mental health.	1	0.0	0.0	1.0	1
Partnership between CNRS and ETH Zurich to advance scientific understanding of cancer research.	1	0.0	0.0	1.0	1
The House science committee anti-NSF witch hunt is now demanding information on grants in the physical sciences. http://t.co/2tfH4XUeLk	1	0.0	0.0	1.0	1
Major breakthrough in Harvard reported by researchers at mental health.	1	0.0	0.0	1.0	1
Partnership between University of Oxford and Stanford to advance scientific understanding of public health.	1	0.0	0.0	1.0	1
Event recap: discussions on the future of marine biology held at the Global Science Forum.	1	0.0	0.0	1.0	1
From March 5 - 9 @FieldsInstitute's workshop on human-environment systems brings together researchers presenting advances on how to protect biodiversity, control species invasions, create resilient ecosystems, and much more. https://t.co/azsmfF9Zda https://t.co/kTUFZCOng0	1	0.0	0.0	1.0	1
vaccination is now a priority research area according to the National Science Foundation.	1	0.0	0.0	1.0	1
Partnership between Universit√© de Montpellier and University of Oxford to advance scientific understanding of clean energy.	1	0.0	0.0	1.0	1
Study reveals new insights into space exploration using AI and big data.	1	0.0	0.0	1.0	1
